"record_id","county","lead_entity","access_url","web_search_available","phone_access","text_access","published_availability","published_language_information","primary_source_url","secondary_source_url","verified_on","notes"
"BA211-001","Alameda","Eden I&R, Inc.","https://211alamedacounty.org/","Yes","Dial 211","Not observed on reviewed landing page","24/7","Confidential help available in over 300 languages","https://www.cpuc.ca.gov/industries-and-topics/internet-and-phone/211-information-services/2-1-1-counties-in-the-bay-area","https://211alamedacounty.org/","2026-08-04","County-specific access site"
"BA211-002","Contra Costa","Contra Costa Crisis Center","https://cccc.myresourcedirectory.com/","Yes","Dial 211","Text HOPE to 20121","Not observed on reviewed directory landing page","Website translation options displayed","https://www.cpuc.ca.gov/industries-and-topics/internet-and-phone/211-information-services/2-1-1-counties-in-the-bay-area","https://cccc.myresourcedirectory.com/","2026-08-04","County-specific searchable resource database"
"BA211-003","Marin","United Way Bay Area","https://211bayarea.org/","Yes","Dial 211","Text ZIP code to 898211","24/7","Available in multiple languages","https://www.cpuc.ca.gov/industries-and-topics/internet-and-phone/211-information-services/2-1-1-counties-in-the-bay-area","https://211bayarea.org/","2026-08-04","Shared United Way Bay Area access site"
"BA211-004","Napa","United Way Bay Area","https://211bayarea.org/","Yes","Dial 211","Text ZIP code to 898211","24/7","Available in multiple languages","https://www.cpuc.ca.gov/industries-and-topics/internet-and-phone/211-information-services/2-1-1-counties-in-the-bay-area","https://211bayarea.org/","2026-08-04","Shared United Way Bay Area access site"
"BA211-005","San Francisco","United Way Bay Area","https://211bayarea.org/","Yes","Dial 211","Text ZIP code to 898211","24/7","Available in multiple languages","https://www.cpuc.ca.gov/industries-and-topics/internet-and-phone/211-information-services/2-1-1-counties-in-the-bay-area","https://211bayarea.org/","2026-08-04","Shared United Way Bay Area access site"
"BA211-006","San Mateo","United Way Bay Area","https://211bayarea.org/","Yes","Dial 211","Text ZIP code to 898211","24/7","Available in multiple languages","https://www.cpuc.ca.gov/industries-and-topics/internet-and-phone/211-information-services/2-1-1-counties-in-the-bay-area","https://211bayarea.org/","2026-08-04","Shared United Way Bay Area access site"
"BA211-007","Santa Clara","United Way Bay Area","https://211bayarea.org/","Yes","Dial 211","Text ZIP code to 898211","24/7","Available in multiple languages","https://www.cpuc.ca.gov/industries-and-topics/internet-and-phone/211-information-services/2-1-1-counties-in-the-bay-area","https://211bayarea.org/","2026-08-04","Shared United Way Bay Area access site"
"BA211-008","Solano","United Way Bay Area","https://211bayarea.org/","Yes","Dial 211","Text ZIP code to 898211","24/7","Available in multiple languages","https://www.cpuc.ca.gov/industries-and-topics/internet-and-phone/211-information-services/2-1-1-counties-in-the-bay-area","https://211bayarea.org/","2026-08-04","Shared United Way Bay Area access site"
"BA211-009","Sonoma","United Way of the Wine Country","https://211sonoma.org/","Yes","Dial 211 or call 800-325-9604","Text ZIP code to 898211","24/7","Available in multiple languages","https://www.cpuc.ca.gov/industries-and-topics/internet-and-phone/211-information-services/2-1-1-counties-in-the-bay-area","https://211sonoma.org/","2026-08-04","County-specific access site"
